1,2,Chaz Kangeroo Hoodie-XS-Black,Clothing>Men>Tops>Hoodies & Sweatshirts|Clothing>Collections>Eco Friendly|Clothing,2
2,3,Chaz Kangeroo Hoodie-XS-Gray,Clothing>Men>Tops>Hoodies & Sweatshirts|Clothing>Collections>Eco Friendly|Clothing,3
3,4,Chaz Kangeroo Hoodie-XS-Orange,Clothing>Men>Tops>Hoodies & Sweatshirts|Clothing>Collections>Eco Friendly|Clothing,4
4,5,Chaz Kangeroo Hoodie-S-Black,Clothing>Men>Tops>Hoodies & Sweatshirts|Clothing>Collections>Eco Friendly|Clothing,5
5,6,Chaz Kangeroo Hoodie-S-Gray,Clothing>Men>Tops>Hoodies & Sweatshirts|Clothing>Collections>Eco Friendly|Clothing,6
6,7,Chaz Kangeroo Hoodie-S-Orange,Clothing>Men>Tops>Hoodies & Sweatshirts|Clothing>Collections>Eco Friendly|Clothing,7
7,8,Chaz Kangeroo Hoodie-M-Black,Clothing>Men>Tops>Hoodies & Sweatshirts|Clothing>Collections>Eco Friendly|Clothing,8
8,9,Chaz Kangeroo Hoodie-M-Gray,Clothing>Men>Tops>Hoodies & Sweatshirts|Clothing>Collections>Eco Friendly|Clothing,9
9,10,Chaz Kangeroo Hoodie-M-Orange,Clothing>Men>Tops>Hoodies & Sweatshirts|Clothing>Collections>Eco Friendly|Clothing,10
10,11,Chaz Kangeroo Hoodie-L-Black,Clothing>Men>Tops>Hoodies & Sweatshirts|Clothing>Collections>Eco Friendly|Clothing,11
11,12,Chaz Kangeroo Hoodie-L-Gray,Clothing>Men>Tops>Hoodies & Sweatshirts|Clothing>Collections>Eco Friendly|Clothing,12
12,13,Chaz Kangeroo Hoodie-L-Orange,Clothing>Men>Tops>Hoodies & Sweatshirts|Clothing>Collections>Eco Friendly|Clothing,13
13,14,Chaz Kangeroo Hoodie-XL-Black,Clothing>Men>Tops>Hoodies & Sweatshirts|Clothing>Collections>Eco Friendly|Clothing,14
14,15,Chaz Kangeroo Hoodie-XL-Gray,Clothing>Men>Tops>Hoodies & Sweatshirts|Clothing>Collections>Eco Friendly|Clothing,15
15,16,Chaz Kangeroo Hoodie-XL-Orange,Clothing>Men>Tops>Hoodies & Sweatshirts|Clothing>Collections>Eco Friendly|Clothing,16
16,17,Chaz Kangeroo Hoodie,Clothing>Men>Tops>Hoodies & Sweatshirts|Clothing>Collections>Eco Friendly|Clothing,17
17,18,Teton Pullover Hoodie-XS-Black,Clothing>Men>Tops>Hoodies & Sweatshirts,18
18,19,Teton Pullover Hoodie-XS-Purple,Clothing>Men>Tops>Hoodies & Sweatshirts,19
19,20,Teton Pullover Hoodie-XS-Red,Clothing>Men>Tops>Hoodies & Sweatshirts,20
20,21,Teton Pullover Hoodie-S-Black,Clothing>Men>Tops>Hoodies & Sweatshirts,21
21,22,Teton Pullover Hoodie-S-Purple,Clothing>Men>Tops>Hoodies & Sweatshirts,22
22,23,Teton Pullover Hoodie-S-Red,Clothing>Men>Tops>Hoodies & Sweatshirts,23
23,24,Teton Pullover Hoodie-M-Black,Clothing>Men>Tops>Hoodies & Sweatshirts,24
24,25,Teton Pullover Hoodie-M-Purple,Clothing>Men>Tops>Hoodies & Sweatshirts,25
25,26,Teton Pullover Hoodie-M-Red,Clothing>Men>Tops>Hoodies & Sweatshirts,26
26,27,Teton Pullover Hoodie-L-Black,Clothing>Men>Tops>Hoodies & Sweatshirts,27
27,28,Teton Pullover Hoodie-L-Purple,Clothing>Men>Tops>Hoodies & Sweatshirts,28
28,29,Teton Pullover Hoodie-L-Red,Clothing>Men>Tops>Hoodies & Sweatshirts,29
29,30,Teton Pullover Hoodie-XL-Black,Clothing>Men>Tops>Hoodies & Sweatshirts,30
30,31,Teton Pullover Hoodie-XL-Purple,Clothing>Men>Tops>Hoodies & Sweatshirts,31
31,32,Teton Pullover Hoodie-XL-Red,Clothing>Men>Tops>Hoodies & Sweatshirts,32
32,33,Teton Pullover Hoodie,Clothing>Men>Tops>Hoodies & Sweatshirts,33
33,34,Bruno Compete Hoodie-XS-Black,Clothing>Men>Tops>Hoodies & Sweatshirts|Clothing>Collections>Eco Friendly|Clothing,34
34,35,Bruno Compete Hoodie-XS-Blue,Clothing>Men>Tops>Hoodies & Sweatshirts|Clothing>Collections>Eco Friendly|Clothing,35
35,36,Bruno Compete Hoodie-XS-Green,Clothing>Men>Tops>Hoodies & Sweatshirts|Clothing>Collections>Eco Friendly|Clothing,36
36,37,Bruno Compete Hoodie-S-Black,Clothing>Men>Tops>Hoodies & Sweatshirts|Clothing>Collections>Eco Friendly|Clothing,37
37,38,Bruno Compete Hoodie-S-Blue,Clothing>Men>Tops>Hoodies & Sweatshirts|Clothing>Collections>Eco Friendly|Clothing,38
38,39,Bruno Compete Hoodie-S-Green,Clothing>Men>Tops>Hoodies & Sweatshirts|Clothing>Collections>Eco Friendly|Clothing,39
39,40,Bruno Compete Hoodie-M-Black,Clothing>Men>Tops>Hoodies & Sweatshirts|Clothing>Collections>Eco Friendly|Clothing,40
40,41,Bruno Compete Hoodie-M-Blue,Clothing>Men>Tops>Hoodies & Sweatshirts|Clothing>Collections>Eco Friendly|Clothing,41
41,42,Bruno Compete Hoodie-M-Green,Clothing>Men>Tops>Hoodies & Sweatshirts|Clothing>Collections>Eco Friendly|Clothing,42
42,43,Bruno Compete Hoodie-L-Black,Clothing>Men>Tops>Hoodies & Sweatshirts|Clothing>Collections>Eco Friendly|Clothing,43
43,44,Bruno Compete Hoodie-L-Blue,Clothing>Men>Tops>Hoodies & Sweatshirts|Clothing>Collections>Eco Friendly|Clothing,44
44,45,Bruno Compete Hoodie-L-Green,Clothing>Men>Tops>Hoodies & Sweatshirts|Clothing>Collections>Eco Friendly|Clothing,45
45,46,Bruno Compete Hoodie-XL-Black,Clothing>Men>Tops>Hoodies & Sweatshirts|Clothing>Collections>Eco Friendly|Clothing,46
46,47,Bruno Compete Hoodie-XL-Blue,Clothing>Men>Tops>Hoodies & Sweatshirts|Clothing>Collections>Eco Friendly|Clothing,47
47,48,Bruno Compete Hoodie-XL-Green,Clothing>Men>Tops>Hoodies & Sweatshirts|Clothing>Collections>Eco Friendly|Clothing,48
48,49,Bruno Compete Hoodie,Clothing>Men>Tops>Hoodies & Sweatshirts|Clothing>Collections>Eco Friendly|Clothing,49
49,50,Frankie  Sweatshirt-XS-Green,Clothing>Men>Tops>Hoodies & Sweatshirts|Clothing>Collections>Eco Friendly|Clothing,50
50,51,Frankie  Sweatshirt-XS-White,Clothing>Men>Tops>Hoodies & Sweatshirts|Clothing>Collections>Eco Friendly|Clothing,51
51,52,Frankie  Sweatshirt-XS-Yellow,Clothing>Men>Tops>Hoodies & Sweatshirts|Clothing>Collections>Eco Friendly|Clothing,52
52,53,Frankie  Sweatshirt-S-Green,Clothing>Men>Tops>Hoodies & Sweatshirts|Clothing>Collections>Eco Friendly|Clothing,53
53,54,Frankie  Sweatshirt-S-White,Clothing>Men>Tops>Hoodies & Sweatshirts|Clothing>Collections>Eco Friendly|Clothing,54
54,55,Frankie  Sweatshirt-S-Yellow,Clothing>Men>Tops>Hoodies & Sweatshirts|Clothing>Collections>Eco Friendly|Clothing,55
55,56,Frankie  Sweatshirt-M-Green,Clothing>Men>Tops>Hoodies & Sweatshirts|Clothing>Collections>Eco Friendly|Clothing,56
56,57,Frankie  Sweatshirt-M-White,Clothing>Men>Tops>Hoodies & Sweatshirts|Clothing>Collections>Eco Friendly|Clothing,57
57,58,Frankie  Sweatshirt-M-Yellow,Clothing>Men>Tops>Hoodies & Sweatshirts|Clothing>Collections>Eco Friendly|Clothing,58
58,59,Frankie  Sweatshirt-L-Green,Clothing>Men>Tops>Hoodies & Sweatshirts|Clothing>Collections>Eco Friendly|Clothing,59
59,60,Frankie  Sweatshirt-L-White,Clothing>Men>Tops>Hoodies & Sweatshirts|Clothing>Collections>Eco Friendly|Clothing,60
60,61,Frankie  Sweatshirt-L-Yellow,Clothing>Men>Tops>Hoodies & Sweatshirts|Clothing>Collections>Eco Friendly|Clothing,61
61,62,Frankie  Sweatshirt-XL-Green,Clothing>Men>Tops>Hoodies & Sweatshirts|Clothing>Collections>Eco Friendly|Clothing,62
62,63,Frankie  Sweatshirt-XL-White,Clothing>Men>Tops>Hoodies & Sweatshirts|Clothing>Collections>Eco Friendly|Clothing,63
63,64,Frankie  Sweatshirt-XL-Yellow,Clothing>Men>Tops>Hoodies & Sweatshirts|Clothing>Collections>Eco Friendly|Clothing,64
64,65,Frankie  Sweatshirt,Clothing>Men>Tops>Hoodies & Sweatshirts|Clothing>Collections>Eco Friendly|Clothing,65
65,66,Hollister Backyard Sweatshirt-XS-Green,Clothing>Men>Tops>Hoodies & Sweatshirts,66
66,67,Hollister Backyard Sweatshirt-XS-Red,Clothing>Men>Tops>Hoodies & Sweatshirts,67
67,68,Hollister Backyard Sweatshirt-XS-White,Clothing>Men>Tops>Hoodies & Sweatshirts,68
68,69,Hollister Backyard Sweatshirt-S-Green,Clothing>Men>Tops>Hoodies & Sweatshirts,69
69,70,Hollister Backyard Sweatshirt-S-Red,Clothing>Men>Tops>Hoodies & Sweatshirts,70
70,71,Hollister Backyard Sweatshirt-S-White,Clothing>Men>Tops>Hoodies & Sweatshirts,71
71,72,Hollister Backyard Sweatshirt-M-Green,Clothing>Men>Tops>Hoodies & Sweatshirts,72
72,73,Hollister Backyard Sweatshirt-M-Red,Clothing>Men>Tops>Hoodies & Sweatshirts,73
73,74,Hollister Backyard Sweatshirt-M-White,Clothing>Men>Tops>Hoodies & Sweatshirts,74
74,75,Hollister Backyard Sweatshirt-L-Green,Clothing>Men>Tops>Hoodies & Sweatshirts,75
75,76,Hollister Backyard Sweatshirt-L-Red,Clothing>Men>Tops>Hoodies & Sweatshirts,76
76,77,Hollister Backyard Sweatshirt-L-White,Clothing>Men>Tops>Hoodies & Sweatshirts,77
77,78,Hollister Backyard Sweatshirt-XL-Green,Clothing>Men>Tops>Hoodies & Sweatshirts,78
78,79,Hollister Backyard Sweatshirt-XL-Red,Clothing>Men>Tops>Hoodies & Sweatshirts,79
79,80,Hollister Backyard Sweatshirt-XL-White,Clothing>Men>Tops>Hoodies & Sweatshirts,80
80,81,Hollister Backyard Sweatshirt,Clothing>Men>Tops>Hoodies & Sweatshirts,81
81,82,Stark Fundamental Hoodie-XS-Black,Clothing>Men>Tops>Hoodies & Sweatshirts,82
82,83,Stark Fundamental Hoodie-XS-Blue,Clothing>Men>Tops>Hoodies & Sweatshirts,83
83,84,Stark Fundamental Hoodie-XS-Purple,Clothing>Men>Tops>Hoodies & Sweatshirts,84
84,85,Stark Fundamental Hoodie-S-Black,Clothing>Men>Tops>Hoodies & Sweatshirts,85
85,86,Stark Fundamental Hoodie-S-Blue,Clothing>Men>Tops>Hoodies & Sweatshirts,86
86,87,Stark Fundamental Hoodie-S-Purple,Clothing>Men>Tops>Hoodies & Sweatshirts,87
87,88,Stark Fundamental Hoodie-M-Black,Clothing>Men>Tops>Hoodies & Sweatshirts,88
88,89,Stark Fundamental Hoodie-M-Blue,Clothing>Men>Tops>Hoodies & Sweatshirts,89
89,90,Stark Fundamental Hoodie-M-Purple,Clothing>Men>Tops>Hoodies & Sweatshirts,90
90,91,Stark Fundamental Hoodie-L-Black,Clothing>Men>Tops>Hoodies & Sweatshirts,91
91,92,Stark Fundamental Hoodie-L-Blue,Clothing>Men>Tops>Hoodies & Sweatshirts,92
92,93,Stark Fundamental Hoodie-L-Purple,Clothing>Men>Tops>Hoodies & Sweatshirts,93
93,94,Stark Fundamental Hoodie-XL-Black,Clothing>Men>Tops>Hoodies & Sweatshirts,94
94,95,Stark Fundamental Hoodie-XL-Blue,Clothing>Men>Tops>Hoodies & Sweatshirts,95
95,96,Stark Fundamental Hoodie-XL-Purple,Clothing>Men>Tops>Hoodies & Sweatshirts,96
96,97,Stark Fundamental Hoodie,Clothing>Men>Tops>Hoodies & Sweatshirts,97
97,107,Hero Hoodie-L-Black,Clothing>Men>Tops>Hoodies & Sweatshirts,107
98,108,Hero Hoodie-L-Gray,Clothing>Men>Tops>Hoodies & Sweatshirts,108
99,109,Hero Hoodie-L-Green,Clothing>Men>Tops>Hoodies & Sweatshirts,109
100,113,Hero Hoodie,Clothing>Men>Tops>Hoodies & Sweatshirts,113
